{
  "eval_seasons": [
    2022,
    2023,
    2024,
    2025
  ],
  "n_eval": 44350,
  "raw_overall_over_rate": 0.362,
  "results": {
    "raw": {
      "n": 44350,
      "log_loss": 0.6294,
      "ece": 0.0335,
      "mce": 0.0864,
      "brier": 0.21997,
      "reliability": 0.00164,
      "resolution": 0.01246,
      "uncertainty": 0.23095,
      "per_market": {
        "receiving_yards": {
          "n": 9108,
          "over_rate": 0.4037,
          "log_loss": 0.68242,
          "brier": 0.24393,
          "ece": 0.0553
        },
        "receptions": {
          "n": 9108,
          "over_rate": 0.409,
          "log_loss": 0.67731,
          "brier": 0.24162,
          "ece": 0.0443
        },
        "rushing_yards": {
          "n": 3581,
          "over_rate": 0.3985,
          "log_loss": 0.67315,
          "brier": 0.23959,
          "ece": 0.0522
        },
        "passing_yards": {
          "n": 2337,
          "over_rate": 0.481,
          "log_loss": 0.6716,
          "brier": 0.23916,
          "ece": 0.0329
        },
        "pass_attempts": {
          "n": 2337,
          "over_rate": 0.4801,
          "log_loss": 0.66798,
          "brier": 0.2376,
          "ece": 0.0351
        },
        "rush_attempts": {
          "n": 3581,
          "over_rate": 0.4203,
          "log_loss": 0.68631,
          "brier": 0.24593,
          "ece": 0.0531
        },
        "anytime_td": {
          "n": 14298,
          "over_rate": 0.243,
          "log_loss": 0.5267,
          "brier": 0.17349,
          "ece": 0.0198
        }
      }
    },
    "platt_pooled": {
      "n": 44350,
      "log_loss": 0.62707,
      "ece": 0.0229,
      "mce": 0.047,
      "brier": 0.21893,
      "reliability": 0.00064,
      "resolution": 0.01237,
      "uncertainty": 0.23095,
      "per_market": {
        "receiving_yards": {
          "n": 9108,
          "over_rate": 0.4037,
          "log_loss": 0.6729,
          "brier": 0.23986,
          "ece": 0.0303
        },
        "receptions": {
          "n": 9108,
          "over_rate": 0.409,
          "log_loss": 0.67152,
          "brier": 0.23922,
          "ece": 0.0223
        },
        "rushing_yards": {
          "n": 3581,
          "over_rate": 0.3985,
          "log_loss": 0.66641,
          "brier": 0.23676,
          "ece": 0.0291
        },
        "passing_yards": {
          "n": 2337,
          "over_rate": 0.481,
          "log_loss": 0.67689,
          "brier": 0.24199,
          "ece": 0.0562
        },
        "pass_attempts": {
          "n": 2337,
          "over_rate": 0.4801,
          "log_loss": 0.67639,
          "brier": 0.24176,
          "ece": 0.0556
        },
        "rush_attempts": {
          "n": 3581,
          "over_rate": 0.4203,
          "log_loss": 0.68133,
          "brier": 0.24391,
          "ece": 0.0434
        },
        "anytime_td": {
          "n": 14298,
          "over_rate": 0.243,
          "log_loss": 0.52992,
          "brier": 0.17444,
          "ece": 0.0338
        }
      }
    },
    "platt_permkt": {
      "n": 44350,
      "log_loss": 0.62448,
      "ece": 0.0118,
      "mce": 0.0281,
      "brier": 0.21798,
      "reliability": 0.00023,
      "resolution": 0.01271,
      "uncertainty": 0.23095,
      "per_market": {
        "receiving_yards": {
          "n": 9108,
          "over_rate": 0.4037,
          "log_loss": 0.67085,
          "brier": 0.23899,
          "ece": 0.014
        },
        "receptions": {
          "n": 9108,
          "over_rate": 0.409,
          "log_loss": 0.67062,
          "brier": 0.23888,
          "ece": 0.0192
        },
        "rushing_yards": {
          "n": 3581,
          "over_rate": 0.3985,
          "log_loss": 0.66676,
          "brier": 0.237,
          "ece": 0.0243
        },
        "passing_yards": {
          "n": 2337,
          "over_rate": 0.481,
          "log_loss": 0.67132,
          "brier": 0.23929,
          "ece": 0.026
        },
        "pass_attempts": {
          "n": 2337,
          "over_rate": 0.4801,
          "log_loss": 0.67203,
          "brier": 0.23962,
          "ece": 0.035
        },
        "rush_attempts": {
          "n": 3581,
          "over_rate": 0.4203,
          "log_loss": 0.67821,
          "brier": 0.24258,
          "ece": 0.021
        },
        "anytime_td": {
          "n": 14298,
          "over_rate": 0.243,
          "log_loss": 0.52607,
          "brier": 0.17333,
          "ece": 0.0205
        }
      }
    },
    "isotonic_pooled": {
      "n": 44350,
      "log_loss": 0.6276,
      "ece": 0.0133,
      "mce": 0.0291,
      "brier": 0.21883,
      "reliability": 0.00027,
      "resolution": 0.01192,
      "uncertainty": 0.23095,
      "per_market": {
        "receiving_yards": {
          "n": 9108,
          "over_rate": 0.4037,
          "log_loss": 0.67286,
          "brier": 0.23975,
          "ece": 0.0182
        },
        "receptions": {
          "n": 9108,
          "over_rate": 0.409,
          "log_loss": 0.67191,
          "brier": 0.23934,
          "ece": 0.0214
        },
        "rushing_yards": {
          "n": 3581,
          "over_rate": 0.3985,
          "log_loss": 0.66604,
          "brier": 0.23654,
          "ece": 0.0295
        },
        "passing_yards": {
          "n": 2337,
          "over_rate": 0.481,
          "log_loss": 0.67959,
          "brier": 0.24329,
          "ece": 0.0589
        },
        "pass_attempts": {
          "n": 2337,
          "over_rate": 0.4801,
          "log_loss": 0.67975,
          "brier": 0.24337,
          "ece": 0.0686
        },
        "rush_attempts": {
          "n": 3581,
          "over_rate": 0.4203,
          "log_loss": 0.67985,
          "brier": 0.24313,
          "ece": 0.0364
        },
        "anytime_td": {
          "n": 14298,
          "over_rate": 0.243,
          "log_loss": 0.53079,
          "brier": 0.1739,
          "ece": 0.0276
        }
      }
    },
    "isotonic_permkt": {
      "n": 44350,
      "log_loss": 0.62899,
      "ece": 0.0102,
      "mce": 0.0225,
      "brier": 0.21832,
      "reliability": 0.00017,
      "resolution": 0.01241,
      "uncertainty": 0.23095,
      "per_market": {
        "receiving_yards": {
          "n": 9108,
          "over_rate": 0.4037,
          "log_loss": 0.67222,
          "brier": 0.23958,
          "ece": 0.0139
        },
        "receptions": {
          "n": 9108,
          "over_rate": 0.409,
          "log_loss": 0.67624,
          "brier": 0.2392,
          "ece": 0.0118
        },
        "rushing_yards": {
          "n": 3581,
          "over_rate": 0.3985,
          "log_loss": 0.66663,
          "brier": 0.23693,
          "ece": 0.0187
        },
        "passing_yards": {
          "n": 2337,
          "over_rate": 0.481,
          "log_loss": 0.68391,
          "brier": 0.24097,
          "ece": 0.0279
        },
        "pass_attempts": {
          "n": 2337,
          "over_rate": 0.4801,
          "log_loss": 0.69744,
          "brier": 0.24047,
          "ece": 0.0419
        },
        "rush_attempts": {
          "n": 3581,
          "over_rate": 0.4203,
          "log_loss": 0.67941,
          "brier": 0.24316,
          "ece": 0.0272
        },
        "anytime_td": {
          "n": 14298,
          "over_rate": 0.243,
          "log_loss": 0.52915,
          "brier": 0.17329,
          "ece": 0.018
        }
      }
    },
    "beta_pooled": {
      "n": 44350,
      "log_loss": 0.62646,
      "ece": 0.0161,
      "mce": 0.0334,
      "brier": 0.21874,
      "reliability": 0.00036,
      "resolution": 0.01237,
      "uncertainty": 0.23095,
      "per_market": {
        "receiving_yards": {
          "n": 9108,
          "over_rate": 0.4037,
          "log_loss": 0.67207,
          "brier": 0.23945,
          "ece": 0.0219
        },
        "receptions": {
          "n": 9108,
          "over_rate": 0.409,
          "log_loss": 0.67122,
          "brier": 0.23906,