{
  "drive_outcomes": {
    "td": 0.22058351005719426,
    "fg": 0.14523488207698734,
    "def_td": 0.022877707088233404,
    "safety": 0.00257052888631836
  },
  "drives_mean": 11.091326530612244,
  "drives_sd": 1.691829660278485,
  "league_ppg": 22.919897959183672,
  "hfa_points": 1.6642857142857144,
  "margin_sd": 14.265782748495043,
  "total_mean": 45.839795918367344,
  "total_sd": 13.799921135195106,
  "seasons": [
    2019,
    2020,
    2021,
    2022,
    2023,
    2024,
    2025
  ],
  "n_games": 1960
}