{
  "gbdt_rf_window": [
    2021,
    2022,
    2023,
    2024,
    2025
  ],
  "gbdt_rf_calibrated_window": [
    2022,
    2023,
    2024,
    2025
  ],
  "meta_calibrated_window": [
    2023,
    2024,
    2025
  ],
  "results": {
    "gbdt": {
      "raw": {
        "n": 44350,
        "log_loss": 0.6294,
        "ece": 0.0335,
        "mce": 0.0864,
        "brier": 0.21997,
        "reliability": 0.00164,
        "resolution": 0.01246,
        "uncertainty": 0.23095,
        "per_market": {
          "receiving_yards": {
            "n": 9108,
            "over_rate": 0.4037,
            "log_loss": 0.68242,
            "brier": 0.24393,
            "ece": 0.0553
          },
          "receptions": {
            "n": 9108,
            "over_rate": 0.409,
            "log_loss": 0.67731,
            "brier": 0.24162,
            "ece": 0.0443
          },
          "rushing_yards": {
            "n": 3581,
            "over_rate": 0.3985,
            "log_loss": 0.67315,
            "brier": 0.23959,
            "ece": 0.0522
          },
          "passing_yards": {
            "n": 2337,
            "over_rate": 0.481,
            "log_loss": 0.6716,
            "brier": 0.23916,
            "ece": 0.0329
          },
          "pass_attempts": {
            "n": 2337,
            "over_rate": 0.4801,
            "log_loss": 0.66798,
            "brier": 0.2376,
            "ece": 0.0351
          },
          "rush_attempts": {
            "n": 3581,
            "over_rate": 0.4203,
            "log_loss": 0.68631,
            "brier": 0.24593,
            "ece": 0.0531
          },
          "anytime_td": {
            "n": 14298,
            "over_rate": 0.243,
            "log_loss": 0.5267,
            "brier": 0.17349,
            "ece": 0.0198
          }
        }
      },
      "calibrated": {
        "n": 44350,
        "log_loss": 0.62448,
        "ece": 0.0118,
        "mce": 0.0281,
        "brier": 0.21798,
        "reliability": 0.00023,
        "resolution": 0.01271,
        "uncertainty": 0.23095,
        "per_market": {
          "receiving_yards": {
            "n": 9108,
            "over_rate": 0.4037,
            "log_loss": 0.67085,
            "brier": 0.23899,
            "ece": 0.014
          },
          "receptions": {
            "n": 9108,
            "over_rate": 0.409,
            "log_loss": 0.67062,
            "brier": 0.23888,
            "ece": 0.0192
          },
          "rushing_yards": {
            "n": 3581,
            "over_rate": 0.3985,
            "log_loss": 0.66676,
            "brier": 0.237,
            "ece": 0.0243
          },
          "passing_yards": {
            "n": 2337,
            "over_rate": 0.481,
            "log_loss": 0.67132,
            "brier": 0.23929,
            "ece": 0.026
          },
          "pass_attempts": {
            "n": 2337,
            "over_rate": 0.4801,
            "log_loss": 0.67203,
            "brier": 0.23962,
            "ece": 0.035
          },
          "rush_attempts": {
            "n": 3581,
            "over_rate": 0.4203,
            "log_loss": 0.67821,
            "brier": 0.24258,
            "ece": 0.021
          },
          "anytime_td": {
            "n": 14298,
            "over_rate": 0.243,
            "log_loss": 0.52607,
            "brier": 0.17333,
            "ece": 0.0205
          }
        }
      },
      "calibrated_window": [
        2022,
        2023,
        2024,
        2025
      ]
    },
    "rf": {
      "raw": {
        "n": 44350,
        "log_loss": 0.62067,
        "ece": 0.0075,
        "mce": 0.0166,
        "brier": 0.21632,
        "reliability": 9e-05,
        "resolution": 0.01428,
        "uncertainty": 0.23095,
        "per_market": {
          "receiving_yards": {
            "n": 9108,
            "over_rate": 0.4037,
            "log_loss": 0.66784,
            "brier": 0.23756,
            "ece": 0.0096
          },
          "receptions": {
            "n": 9108,
            "over_rate": 0.409,
            "log_loss": 0.66583,
            "brier": 0.2366,
            "ece": 0.0124
          },
          "rushing_yards": {
            "n": 3581,
            "over_rate": 0.3985,
            "log_loss": 0.66527,
            "brier": 0.23634,
            "ece": 0.01
          },
          "passing_yards": {
            "n": 2337,
            "over_rate": 0.481,
            "log_loss": 0.67194,
            "brier": 0.23956,
            "ece": 0.0325
          },
          "pass_attempts": {
            "n": 2337,
            "over_rate": 0.4801,
            "log_loss": 0.66814,
            "brier": 0.23769,
            "ece": 0.0379
          },
          "rush_attempts": {
            "n": 3581,
            "over_rate": 0.4203,
            "log_loss": 0.67587,
            "brier": 0.2415,
            "ece": 0.0272
          },
          "anytime_td": {
            "n": 14298,
            "over_rate": 0.243,
            "log_loss": 0.52072,
            "brier": 0.17125,
            "ece": 0.0082
          }
        }
      },
      "calibrated": {
        "n": 44350,
        "log_loss": 0.62118,
        "ece": 0.0108,
        "mce": 0.0178,
        "brier": 0.21654,
        "reliability": 0.00014,
        "resolution": 0.01403,
        "uncertainty": 0.23095,
        "per_market": {
          "receiving_yards": {
            "n": 9108,
            "over_rate": 0.4037,
            "log_loss": 0.6686,
            "brier": 0.23791,
            "ece": 0.0187
          },
          "receptions": {
            "n": 9108,
            "over_rate": 0.409,
            "log_loss": 0.66593,
            "brier": 0.23665,
            "ece": 0.0116
          },
          "rushing_yards": {
            "n": 3581,
            "over_rate": 0.3985,
            "log_loss": 0.66608,
            "brier": 0.23673,
            "ece": 0.02
          },
          "passing_yards": {
            "n": 2337,
            "over_rate": 0.481,
            "log_loss": 0.67254,
            "brier": 0.23989,
            "ece": 0.0196
          },
          "pass_attempts": {
            "n": 2337,
            "over_rate": 0.4801,
            "log_loss": 0.66781,
            "brier": 0.23757,
            "ece": 0.0272
          },
          "rush_attempts": {
            "n": 3581,
            "over_rate": 0.4203,
            "log_loss": 0.67713,
            "brier": 0.24208,
            "ece": 0.0295
          },
          "anytime_td": {
            "n": 14298,
            "over_rate": 0.243,
            "log_loss": 0.5212,
            "brier": 0.1714,
            "ece": 0.0109
          }
        }
      },
      "calibrated_window": [
        2022,
        2023,
        2024,
        2025
      ]
    },
    "avg": {
      "raw": {
        "n": 44350,
        "log_loss": 0.62139,
        "ece": 0.0084,
        "mce": 0.027,
        "brier": 0.21666,
        "reliability": 0.00015,
        "resolution": 0.01391,
        "uncertainty": 0.23095,
        "per_market": {
          "receiving_yards": {
            "n": 9108,
            "over_rate": 0.4037,
            "log_loss": 0.67059,
            "brier": 0.23885,
            "ece": 0.0261
          },
          "receptions": {
            "n": 9108,
            "over_rate": 0.409,
            "log_loss": 0.66765,
            "brier": 0.23745,
            "ece": 0.0154
          },
          "rushing_yards": {
            "n": 3581,
            "over_rate": 0.3985,
            "log_loss": 0.66497,
            "brier": 0.23614,
            "ece": 0.0231
          },
          "passing_yards": {
            "n": 2337,
            "over_rate": 0.481,
            "log_loss": 0.6672,
            "brier": 0.23729,
            "ece": 0.022
          },
          "pass_attempts": {
            "n": 2337,
            "over_rate": 0.4801,
            "log_loss": 0.66439,
            "brier": 0.23595,
            "ece": 0.0337
          },